time_index;timestamp;element_type;element_id;scale;p_mw
0;2026-01-01T00:00:00;ac_load;0;0.62;
0;2026-01-01T00:00:00;ac_load;1;0.62;
0;2026-01-01T00:00:00;ac_load;2;0.62;
0;2026-01-01T00:00:00;ac_load;3;0.62;
0;2026-01-01T00:00:00;dc_gen;0;;0.0
1;2026-01-01T01:00:00;ac_load;0;0.58;
1;2026-01-01T01:00:00;ac_load;1;0.58;
1;2026-01-01T01:00:00;ac_load;2;0.58;
1;2026-01-01T01:00:00;ac_load;3;0.58;
1;2026-01-01T01:00:00;dc_gen;0;;0.0
2;2026-01-01T02:00:00;ac_load;0;0.55;
2;2026-01-01T02:00:00;ac_load;1;0.55;
2;2026-01-01T02:00:00;ac_load;2;0.55;
2;2026-01-01T02:00:00;ac_load;3;0.55;
2;2026-01-01T02:00:00;dc_gen;0;;0.0
3;2026-01-01T03:00:00;ac_load;0;0.53;
3;2026-01-01T03:00:00;ac_load;1;0.53;
3;2026-01-01T03:00:00;ac_load;2;0.53;
3;2026-01-01T03:00:00;ac_load;3;0.53;
3;2026-01-01T03:00:00;dc_gen;0;;0.0
4;2026-01-01T04:00:00;ac_load;0;0.54;
4;2026-01-01T04:00:00;ac_load;1;0.54;
4;2026-01-01T04:00:00;ac_load;2;0.54;
4;2026-01-01T04:00:00;ac_load;3;0.54;
4;2026-01-01T04:00:00;dc_gen;0;;0.0
5;2026-01-01T05:00:00;ac_load;0;0.60;
5;2026-01-01T05:00:00;ac_load;1;0.60;
5;2026-01-01T05:00:00;ac_load;2;0.60;
5;2026-01-01T05:00:00;ac_load;3;0.60;
5;2026-01-01T05:00:00;dc_gen;0;;0.0
6;2026-01-01T06:00:00;ac_load;0;0.70;
6;2026-01-01T06:00:00;ac_load;1;0.70;
6;2026-01-01T06:00:00;ac_load;2;0.70;
6;2026-01-01T06:00:00;ac_load;3;0.70;
6;2026-01-01T06:00:00;dc_gen;0;;2.0
7;2026-01-01T07:00:00;ac_load;0;0.82;
7;2026-01-01T07:00:00;ac_load;1;0.82;
7;2026-01-01T07:00:00;ac_load;2;0.82;
7;2026-01-01T07:00:00;ac_load;3;0.82;
7;2026-01-01T07:00:00;dc_gen;0;;6.0
8;2026-01-01T08:00:00;ac_load;0;0.92;
8;2026-01-01T08:00:00;ac_load;1;0.92;
8;2026-01-01T08:00:00;ac_load;2;0.92;
8;2026-01-01T08:00:00;ac_load;3;0.92;
8;2026-01-01T08:00:00;dc_gen;0;;12.0
9;2026-01-01T09:00:00;ac_load;0;0.96;
9;2026-01-01T09:00:00;ac_load;1;0.96;
9;2026-01-01T09:00:00;ac_load;2;0.96;
9;2026-01-01T09:00:00;ac_load;3;0.96;
9;2026-01-01T09:00:00;dc_gen;0;;18.0
10;2026-01-01T10:00:00;ac_load;0;0.93;
10;2026-01-01T10:00:00;ac_load;1;0.93;
10;2026-01-01T10:00:00;ac_load;2;0.93;
10;2026-01-01T10:00:00;ac_load;3;0.93;
10;2026-01-01T10:00:00;dc_gen;0;;24.0
11;2026-01-01T11:00:00;ac_load;0;0.89;
11;2026-01-01T11:00:00;ac_load;1;0.89;
11;2026-01-01T11:00:00;ac_load;2;0.89;
11;2026-01-01T11:00:00;ac_load;3;0.89;
11;2026-01-01T11:00:00;dc_gen;0;;28.0
12;2026-01-01T12:00:00;ac_load;0;0.86;
12;2026-01-01T12:00:00;ac_load;1;0.86;
12;2026-01-01T12:00:00;ac_load;2;0.86;
12;2026-01-01T12:00:00;ac_load;3;0.86;
12;2026-01-01T12:00:00;dc_gen;0;;30.0
13;2026-01-01T13:00:00;ac_load;0;0.84;
13;2026-01-01T13:00:00;ac_load;1;0.84;
13;2026-01-01T13:00:00;ac_load;2;0.84;
13;2026-01-01T13:00:00;ac_load;3;0.84;
13;2026-01-01T13:00:00;dc_gen;0;;29.0
14;2026-01-01T14:00:00;ac_load;0;0.86;
14;2026-01-01T14:00:00;ac_load;1;0.86;
14;2026-01-01T14:00:00;ac_load;2;0.86;
14;2026-01-01T14:00:00;ac_load;3;0.86;
14;2026-01-01T14:00:00;dc_gen;0;;25.0
15;2026-01-01T15:00:00;ac_load;0;0.91;
15;2026-01-01T15:00:00;ac_load;1;0.91;
15;2026-01-01T15:00:00;ac_load;2;0.91;
15;2026-01-01T15:00:00;ac_load;3;0.91;
15;2026-01-01T15:00:00;dc_gen;0;;18.0
16;2026-01-01T16:00:00;ac_load;0;0.99;
16;2026-01-01T16:00:00;ac_load;1;0.99;
16;2026-01-01T16:00:00;ac_load;2;0.99;
16;2026-01-01T16:00:00;ac_load;3;0.99;
16;2026-01-01T16:00:00;dc_gen;0;;10.0
17;2026-01-01T17:00:00;ac_load;0;1.08;
17;2026-01-01T17:00:00;ac_load;1;1.08;
17;2026-01-01T17:00:00;ac_load;2;1.08;
17;2026-01-01T17:00:00;ac_load;3;1.08;
17;2026-01-01T17:00:00;dc_gen;0;;4.0
18;2026-01-01T18:00:00;ac_load;0;1.16;
18;2026-01-01T18:00:00;ac_load;1;1.16;
18;2026-01-01T18:00:00;ac_load;2;1.16;
18;2026-01-01T18:00:00;ac_load;3;1.16;
18;2026-01-01T18:00:00;dc_gen;0;;0.0
19;2026-01-01T19:00:00;ac_load;0;1.20;
19;2026-01-01T19:00:00;ac_load;1;1.20;
19;2026-01-01T19:00:00;ac_load;2;1.20;
19;2026-01-01T19:00:00;ac_load;3;1.20;
19;2026-01-01T19:00:00;dc_gen;0;;0.0
20;2026-01-01T20:00:00;ac_load;0;1.14;
20;2026-01-01T20:00:00;ac_load;1;1.14;
20;2026-01-01T20:00:00;ac_load;2;1.14;
20;2026-01-01T20:00:00;ac_load;3;1.14;
20;2026-01-01T20:00:00;dc_gen;0;;0.0
21;2026-01-01T21:00:00;ac_load;0;1.02;
21;2026-01-01T21:00:00;ac_load;1;1.02;
21;2026-01-01T21:00:00;ac_load;2;1.02;
21;2026-01-01T21:00:00;ac_load;3;1.02;
21;2026-01-01T21:00:00;dc_gen;0;;0.0
22;2026-01-01T22:00:00;ac_load;0;0.88;
22;2026-01-01T22:00:00;ac_load;1;0.88;
22;2026-01-01T22:00:00;ac_load;2;0.88;
22;2026-01-01T22:00:00;ac_load;3;0.88;
22;2026-01-01T22:00:00;dc_gen;0;;0.0
23;2026-01-01T23:00:00;ac_load;0;0.74;
23;2026-01-01T23:00:00;ac_load;1;0.74;
23;2026-01-01T23:00:00;ac_load;2;0.74;
23;2026-01-01T23:00:00;ac_load;3;0.74;
23;2026-01-01T23:00:00;dc_gen;0;;0.0
