time_index;timestamp;element_type;element_id;scale
0;2026-01-01T00:00:00;ac_load;0;0.70
0;2026-01-01T00:00:00;ac_load;1;0.70
0;2026-01-01T00:00:00;ac_load;2;0.70
0;2026-01-01T00:00:00;ac_load;3;0.70
1;2026-01-01T01:00:00;ac_load;0;0.85
1;2026-01-01T01:00:00;ac_load;1;0.85
1;2026-01-01T01:00:00;ac_load;2;0.85
1;2026-01-01T01:00:00;ac_load;3;0.85
2;2026-01-01T02:00:00;ac_load;0;1.00
2;2026-01-01T02:00:00;ac_load;1;1.00
2;2026-01-01T02:00:00;ac_load;2;1.00
2;2026-01-01T02:00:00;ac_load;3;1.00
